Nombre,Direccion,Ciudad,Estado,Telefono
Yambee,3 Dryden Road,Knoxville,Tennessee,865-831-1406
Youspan,79679 Columbus Way,Pittsburgh,Pennsylvania,412-598-0723
Trudoo,80710 Susan Park,Rockford,Illinois,815-814-9701
Kazio,64370 Toban Place,Fort Lauderdale,Florida,754-462-4090
Youbridge,71 Utah Park,Bloomington,Illinois,309-410-9818
Zava,12 Fair Oaks Street,Bradenton,Florida,941-207-7951
Cogilith,07 Mallard Point,Richmond,Virginia,804-717-2353
Rhynyx,1959 Muir Crossing,Atlanta,Georgia,404-634-7096
Youspan,23 Mallard Crossing,Virginia Beach,Virginia,757-600-8784
Twitterbeat,5999 Marquette Trail,Allentown,Pennsylvania,610-563-6551
Trudeo,62 Merry Hill,Columbia,South Carolina,803-456-8686
Midel,776 8th Circle,New York City,New York,212-287-5120
Fiveclub,0622 Artisan Road,Anchorage,Alaska,907-468-3830
Devshare,03 Forest Run Hill,Atlanta,Georgia,404-210-5445
Skippad,17 Sunnyside Center,Saint Louis,Missouri,314-287-6356
Edgeclub,81785 Shasta Place,New York City,New York,212-903-2541
Mynte,26 Corscot Park,Wichita,Kansas,316-526-9981
Eare,8 Nancy Way,Huntington,West Virginia,304-857-8975
Tekfly,1 Summit Pass,San Jose,California,408-271-0973
Dynazzy,12 Crescent Oaks,North Port,Florida,941-504-2867