IDPRODUCTO,Empresa,Almacenamiento,Accesorios
501,Nintendo,100MB,"Dos controles, fuente de poder."
502,Nintendo,100MB,"Dos controles, fuente de poder."
503,Nintendo,100MB,"Dos controles, fuente de poder."
504,Nintendo,100MB,"Dos controles, fuente de poder."
505,Nintendo,100MB,"Dos controles, fuente de poder."
506,Nintendo,100MB,"Dos controles, fuente de poder."
507,Nintendo,100MB,"Dos controles, fuente de poder."
508,Nintendo,100MB,"Dos controles, fuente de poder."
509,Nintendo,100MB,"Dos controles, fuente de poder."
510,Nintendo,100MB,"Dos controles, fuente de poder."
511,Nintendo,100MB,"Dos controles, fuente de poder."
512,Nintendo,100MB,"Dos controles, fuente de poder."
513,Nintendo,100MB,"Dos controles, fuente de poder."
514,Nintendo,100MB,"Dos controles, fuente de poder."
515,Nintendo,100MB,"Dos controles, fuente de poder."
516,Nintendo,100MB,"Dos controles, fuente de poder."
517,Nintendo,100MB,"Dos controles, fuente de poder."
518,Nintendo,100MB,"Dos controles, fuente de poder."
519,Nintendo,100MB,"Dos controles, fuente de poder."
520,Nintendo,100MB,"Dos controles, fuente de poder."
521,Nintendo,100MB,"Dos controles, fuente de poder."
522,Nintendo,100MB,"Dos controles, fuente de poder."
523,Nintendo,100MB,"Dos controles, fuente de poder."
524,Nintendo,100MB,"Dos controles, fuente de poder."
525,Nintendo,100MB,"Dos controles, fuente de poder."
526,Nintendo,100MB,"Dos controles, fuente de poder."
527,Nintendo,100MB,"Dos controles, fuente de poder."
528,Nintendo,100MB,"Dos controles, fuente de poder."
529,Nintendo,100MB,"Dos controles, fuente de poder."
530,Nintendo,100MB,"Dos controles, fuente de poder."
531,Nintendo,100MB,"Dos controles, fuente de poder."
532,Nintendo,100MB,"Dos controles, fuente de poder."
533,Nintendo,100MB,"Dos controles, fuente de poder."
534,Nintendo,100MB,"Dos controles, fuente de poder."
535,Nintendo,100MB,"Dos controles, fuente de poder."
536,Nintendo,100MB,"Dos controles, fuente de poder."
537,Nintendo,100MB,"Dos controles, fuente de poder."
538,Nintendo,100MB,"Dos controles, fuente de poder."
539,Nintendo,100MB,"Dos controles, fuente de poder."
540,Nintendo,100MB,"Dos controles, fuente de poder."
541,Nintendo,100MB,"Dos controles, fuente de poder."
542,Nintendo,100MB,"Dos controles, fuente de poder."
543,Nintendo,100MB,"Dos controles, fuente de poder."
544,Nintendo,100MB,"Dos controles, fuente de poder."
545,Nintendo,100MB,"Dos controles, fuente de poder."
546,Nintendo,100MB,"Dos controles, fuente de poder."
547,Nintendo,100MB,"Dos controles, fuente de poder."
548,Nintendo,100MB,"Dos controles, fuente de poder."
549,Nintendo,100MB,"Dos controles, fuente de poder."
550,Nintendo,100MB,"Dos controles, fuente de poder."
551,Nintendo,100MB,"Dos controles, fuente de poder."
552,Nintendo,100MB,"Dos controles, fuente de poder."
553,Nintendo,100MB,"Dos controles, fuente de poder."
554,Nintendo,100MB,"Dos controles, fuente de poder."
555,Nintendo,100MB,"Dos controles, fuente de poder."
556,Nintendo,100MB,"Dos controles, fuente de poder."
557,Nintendo,100MB,"Dos controles, fuente de poder."
558,Nintendo,100MB,"Dos controles, fuente de poder."
559,Nintendo,100MB,"Dos controles, fuente de poder."
560,Nintendo,100MB,"Dos controles, fuente de poder."
561,Nintendo,100MB,"Dos controles, fuente de poder."
562,Nintendo,100MB,"Dos controles, fuente de poder."
563,Nintendo,100MB,"Dos controles, fuente de poder."
564,Nintendo,100MB,"Dos controles, fuente de poder."
565,Nintendo,100MB,"Dos controles, fuente de poder."
566,Nintendo,100MB,"Dos controles, fuente de poder."
567,Nintendo,100MB,"Dos controles, fuente de poder."
568,Nintendo,100MB,"Dos controles, fuente de poder."
569,Nintendo,100MB,"Dos controles, fuente de poder."
570,Nintendo,100MB,"Dos controles, fuente de poder."
571,Nintendo,100MB,"Dos controles, fuente de poder."
572,Nintendo,100MB,"Dos controles, fuente de poder."
573,Nintendo,100MB,"Dos controles, fuente de poder."
574,Nintendo,100MB,"Dos controles, fuente de poder."
575,Nintendo,100MB,"Dos controles, fuente de poder."
576,Nintendo,100MB,"Dos controles, fuente de poder."
577,Nintendo,100MB,"Dos controles, fuente de poder."
578,Nintendo,100MB,"Dos controles, fuente de poder."
579,Nintendo,100MB,"Dos controles, fuente de poder."
580,Nintendo,100MB,"Dos controles, fuente de poder."
581,Nintendo,100MB,"Dos controles, fuente de poder."
582,Nintendo,100MB,"Dos controles, fuente de poder."
583,Nintendo,100MB,"Dos controles, fuente de poder."
584,Nintendo,100MB,"Dos controles, fuente de poder."
585,Nintendo,100MB,"Dos controles, fuente de poder."
586,Nintendo,100MB,"Dos controles, fuente de poder."
587,Nintendo,100MB,"Dos controles, fuente de poder."
588,Nintendo,100MB,"Dos controles, fuente de poder."
589,Nintendo,100MB,"Dos controles, fuente de poder."
590,Nintendo,100MB,"Dos controles, fuente de poder."
591,Nintendo,100MB,"Dos controles, fuente de poder."
592,Nintendo,100MB,"Dos controles, fuente de poder."
593,Nintendo,100MB,"Dos controles, fuente de poder."
594,Nintendo,100MB,"Dos controles, fuente de poder."
595,Nintendo,100MB,"Dos controles, fuente de poder."
596,Nintendo,100MB,"Dos controles, fuente de poder."
597,Nintendo,100MB,"Dos controles, fuente de poder."
598,Nintendo,100MB,"Dos controles, fuente de poder."
599,Nintendo,100MB,"Dos controles, fuente de poder."
600,Nintendo,100MB,"Dos controles, fuente de poder."
601,Nintendo,150MB,"Dos controles, fuente de poder."
602,Nintendo,150MB,"Dos controles, fuente de poder."
603,Nintendo,150MB,"Dos controles, fuente de poder."
604,Nintendo,150MB,"Dos controles, fuente de poder."
605,Nintendo,150MB,"Dos controles, fuente de poder."
606,Nintendo,150MB,"Dos controles, fuente de poder."
607,Nintendo,150MB,"Dos controles, fuente de poder."
608,Nintendo,150MB,"Dos controles, fuente de poder."
609,Nintendo,150MB,"Dos controles, fuente de poder."
610,Nintendo,150MB,"Dos controles, fuente de poder."
611,Nintendo,150MB,"Dos controles, fuente de poder."
612,Nintendo,150MB,"Dos controles, fuente de poder."
613,Nintendo,150MB,"Dos controles, fuente de poder."
614,Nintendo,150MB,"Dos controles, fuente de poder."
615,Nintendo,150MB,"Dos controles, fuente de poder."
616,Nintendo,150MB,"Dos controles, fuente de poder."
617,Nintendo,150MB,"Dos controles, fuente de poder."
618,Nintendo,150MB,"Dos controles, fuente de poder."
619,Nintendo,150MB,"Dos controles, fuente de poder."
620,Nintendo,150MB,"Dos controles, fuente de poder."
621,Nintendo,150MB,"Dos controles, fuente de poder."
622,Nintendo,150MB,"Dos controles, fuente de poder."
623,Nintendo,150MB,"Dos controles, fuente de poder."
624,Nintendo,150MB,"Dos controles, fuente de poder."
625,Nintendo,150MB,"Dos controles, fuente de poder."
626,Nintendo,150MB,"Dos controles, fuente de poder."
627,Nintendo,150MB,"Dos controles, fuente de poder."
628,Nintendo,150MB,"Dos controles, fuente de poder."
629,Nintendo,150MB,"Dos controles, fuente de poder."
630,Nintendo,150MB,"Dos controles, fuente de poder."
631,Nintendo,150MB,"Dos controles, fuente de poder."
632,Nintendo,150MB,"Dos controles, fuente de poder."
633,Nintendo,150MB,"Dos controles, fuente de poder."
634,Nintendo,150MB,"Dos controles, fuente de poder."
635,Nintendo,150MB,"Dos controles, fuente de poder."
636,Nintendo,150MB,"Dos controles, fuente de poder."
637,Nintendo,150MB,"Dos controles, fuente de poder."
638,Nintendo,150MB,"Dos controles, fuente de poder."
639,Nintendo,150MB,"Dos controles, fuente de poder."
640,Nintendo,150MB,"Dos controles, fuente de poder."
641,Nintendo,150MB,"Dos controles, fuente de poder."
642,Nintendo,150MB,"Dos controles, fuente de poder."
643,Nintendo,150MB,"Dos controles, fuente de poder."
644,Nintendo,150MB,"Dos controles, fuente de poder."
645,Nintendo,150MB,"Dos controles, fuente de poder."
646,Nintendo,150MB,"Dos controles, fuente de poder."
647,Nintendo,150MB,"Dos controles, fuente de poder."
648,Nintendo,150MB,"Dos controles, fuente de poder."
649,Nintendo,150MB,"Dos controles, fuente de poder."
650,Nintendo,150MB,"Dos controles, fuente de poder."
651,Nintendo,150MB,"Dos controles, fuente de poder."
652,Nintendo,150MB,"Dos controles, fuente de poder."
653,Nintendo,150MB,"Dos controles, fuente de poder."
654,Nintendo,150MB,"Dos controles, fuente de poder."
655,Nintendo,150MB,"Dos controles, fuente de poder."
656,Nintendo,150MB,"Dos controles, fuente de poder."
657,Nintendo,150MB,"Dos controles, fuente de poder."
658,Nintendo,150MB,"Dos controles, fuente de poder."
659,Nintendo,150MB,"Dos controles, fuente de poder."
660,Nintendo,150MB,"Dos controles, fuente de poder."
661,Nintendo,150MB,"Dos controles, fuente de poder."
662,Nintendo,150MB,"Dos controles, fuente de poder."
663,Nintendo,150MB,"Dos controles, fuente de poder."
664,Nintendo,150MB,"Dos controles, fuente de poder."
665,Nintendo,150MB,"Dos controles, fuente de poder."
666,Nintendo,150MB,"Dos controles, fuente de poder."
667,Nintendo,150MB,"Dos controles, fuente de poder."
668,Nintendo,150MB,"Dos controles, fuente de poder."
669,Nintendo,150MB,"Dos controles, fuente de poder."
670,Nintendo,150MB,"Dos controles, fuente de poder."
671,Nintendo,150MB,"Dos controles, fuente de poder."
672,Nintendo,150MB,"Dos controles, fuente de poder."
673,Nintendo,150MB,"Dos controles, fuente de poder."
674,Nintendo,150MB,"Dos controles, fuente de poder."
675,Nintendo,150MB,"Dos controles, fuente de poder."
676,Nintendo,150MB,"Dos controles, fuente de poder."
677,Nintendo,150MB,"Dos controles, fuente de poder."
678,Nintendo,150MB,"Dos controles, fuente de poder."
679,Nintendo,150MB,"Dos controles, fuente de poder."
680,Nintendo,150MB,"Dos controles, fuente de poder."
681,Nintendo,150MB,"Dos controles, fuente de poder."
682,Nintendo,150MB,"Dos controles, fuente de poder."
683,Nintendo,150MB,"Dos controles, fuente de poder."
684,Nintendo,150MB,"Dos controles, fuente de poder."
685,Nintendo,150MB,"Dos controles, fuente de poder."
686,Nintendo,150MB,"Dos controles, fuente de poder."
687,Nintendo,150MB,"Dos controles, fuente de poder."
688,Nintendo,150MB,"Dos controles, fuente de poder."
689,Nintendo,150MB,"Dos controles, fuente de poder."
690,Nintendo,150MB,"Dos controles, fuente de poder."
691,Nintendo,150MB,"Dos controles, fuente de poder."
692,Nintendo,150MB,"Dos controles, fuente de poder."
693,Nintendo,150MB,"Dos controles, fuente de poder."
694,Nintendo,150MB,"Dos controles, fuente de poder."
695,Nintendo,150MB,"Dos controles, fuente de poder."
696,Nintendo,150MB,"Dos controles, fuente de poder."
697,Nintendo,150MB,"Dos controles, fuente de poder."
698,Nintendo,150MB,"Dos controles, fuente de poder."
699,Nintendo,150MB,"Dos controles, fuente de poder."
700,Nintendo,150MB,"Dos controles, fuente de poder."
701,Nintendo,300MB,"Dos controles, fuente de poder."
702,Nintendo,300MB,"Dos controles, fuente de poder."
703,Nintendo,300MB,"Dos controles, fuente de poder."
704,Nintendo,300MB,"Dos controles, fuente de poder."
705,Nintendo,300MB,"Dos controles, fuente de poder."
706,Nintendo,300MB,"Dos controles, fuente de poder."
707,Nintendo,300MB,"Dos controles, fuente de poder."
708,Nintendo,300MB,"Dos controles, fuente de poder."
709,Nintendo,300MB,"Dos controles, fuente de poder."
710,Nintendo,300MB,"Dos controles, fuente de poder."
711,Nintendo,300MB,"Dos controles, fuente de poder."
712,Nintendo,300MB,"Dos controles, fuente de poder."
713,Nintendo,300MB,"Dos controles, fuente de poder."
714,Nintendo,300MB,"Dos controles, fuente de poder."
715,Nintendo,300MB,"Dos controles, fuente de poder."
716,Nintendo,300MB,"Dos controles, fuente de poder."
717,Nintendo,300MB,"Dos controles, fuente de poder."
718,Nintendo,300MB,"Dos controles, fuente de poder."
719,Nintendo,300MB,"Dos controles, fuente de poder."
720,Nintendo,300MB,"Dos controles, fuente de poder."
721,Nintendo,300MB,"Dos controles, fuente de poder."
722,Nintendo,300MB,"Dos controles, fuente de poder."
723,Nintendo,300MB,"Dos controles, fuente de poder."
724,Nintendo,300MB,"Dos controles, fuente de poder."
725,Nintendo,300MB,"Dos controles, fuente de poder."
726,Nintendo,300MB,"Dos controles, fuente de poder."
727,Nintendo,300MB,"Dos controles, fuente de poder."
728,Nintendo,300MB,"Dos controles, fuente de poder."
729,Nintendo,300MB,"Dos controles, fuente de poder."
730,Nintendo,300MB,"Dos controles, fuente de poder."
731,Nintendo,300MB,"Dos controles, fuente de poder."
732,Nintendo,300MB,"Dos controles, fuente de poder."
733,Nintendo,300MB,"Dos controles, fuente de poder."
734,Nintendo,300MB,"Dos controles, fuente de poder."
735,Nintendo,300MB,"Dos controles, fuente de poder."
736,Nintendo,300MB,"Dos controles, fuente de poder."
737,Nintendo,300MB,"Dos controles, fuente de poder."
738,Nintendo,300MB,"Dos controles, fuente de poder."
739,Nintendo,300MB,"Dos controles, fuente de poder."
740,Nintendo,300MB,"Dos controles, fuente de poder."
741,Nintendo,300MB,"Dos controles, fuente de poder."
742,Nintendo,300MB,"Dos controles, fuente de poder."
743,Nintendo,300MB,"Dos controles, fuente de poder."
744,Nintendo,300MB,"Dos controles, fuente de poder."
745,Nintendo,300MB,"Dos controles, fuente de poder."
746,Nintendo,300MB,"Dos controles, fuente de poder."
747,Nintendo,300MB,"Dos controles, fuente de poder."
748,Nintendo,300MB,"Dos controles, fuente de poder."
749,Nintendo,300MB,"Dos controles, fuente de poder."
750,Nintendo,300MB,"Dos controles, fuente de poder."
751,Nintendo,300MB,"Dos controles, fuente de poder."
752,Nintendo,300MB,"Dos controles, fuente de poder."
753,Nintendo,300MB,"Dos controles, fuente de poder."
754,Nintendo,300MB,"Dos controles, fuente de poder."
755,Nintendo,300MB,"Dos controles, fuente de poder."
756,Nintendo,300MB,"Dos controles, fuente de poder."
757,Nintendo,300MB,"Dos controles, fuente de poder."
758,Nintendo,300MB,"Dos controles, fuente de poder."
759,Nintendo,300MB,"Dos controles, fuente de poder."
760,Nintendo,300MB,"Dos controles, fuente de poder."
761,Nintendo,300MB,"Dos controles, fuente de poder."
762,Nintendo,300MB,"Dos controles, fuente de poder."
763,Nintendo,300MB,"Dos controles, fuente de poder."
764,Nintendo,300MB,"Dos controles, fuente de poder."
765,Nintendo,300MB,"Dos controles, fuente de poder."
766,Nintendo,300MB,"Dos controles, fuente de poder."
767,Nintendo,300MB,"Dos controles, fuente de poder."
768,Nintendo,300MB,"Dos controles, fuente de poder."
769,Nintendo,300MB,"Dos controles, fuente de poder."
770,Nintendo,300MB,"Dos controles, fuente de poder."
771,Nintendo,300MB,"Dos controles, fuente de poder."
772,Nintendo,300MB,"Dos controles, fuente de poder."
773,Nintendo,300MB,"Dos controles, fuente de poder."
774,Nintendo,300MB,"Dos controles, fuente de poder."
775,Nintendo,300MB,"Dos controles, fuente de poder."
776,Nintendo,300MB,"Dos controles, fuente de poder."
777,Nintendo,300MB,"Dos controles, fuente de poder."
778,Nintendo,300MB,"Dos controles, fuente de poder."
779,Nintendo,300MB,"Dos controles, fuente de poder."
780,Nintendo,300MB,"Dos controles, fuente de poder."
781,Nintendo,300MB,"Dos controles, fuente de poder."
782,Nintendo,300MB,"Dos controles, fuente de poder."
783,Nintendo,300MB,"Dos controles, fuente de poder."
784,Nintendo,300MB,"Dos controles, fuente de poder."
785,Nintendo,300MB,"Dos controles, fuente de poder."
786,Nintendo,300MB,"Dos controles, fuente de poder."
787,Nintendo,300MB,"Dos controles, fuente de poder."
788,Nintendo,300MB,"Dos controles, fuente de poder."
789,Nintendo,300MB,"Dos controles, fuente de poder."
790,Nintendo,300MB,"Dos controles, fuente de poder."
791,Nintendo,300MB,"Dos controles, fuente de poder."
792,Nintendo,300MB,"Dos controles, fuente de poder."
793,Nintendo,300MB,"Dos controles, fuente de poder."
794,Nintendo,300MB,"Dos controles, fuente de poder."
795,Nintendo,300MB,"Dos controles, fuente de poder."
796,Nintendo,300MB,"Dos controles, fuente de poder."
797,Nintendo,300MB,"Dos controles, fuente de poder."
798,Nintendo,300MB,"Dos controles, fuente de poder."
799,Nintendo,300MB,"Dos controles, fuente de poder."
800,Nintendo,300MB,"Dos controles, fuente de poder."
801,Nintendo,1GB,"Dos controles, fuente de poder."
802,Nintendo,1GB,"Dos controles, fuente de poder."
803,Nintendo,1GB,"Dos controles, fuente de poder."
804,Nintendo,1GB,"Dos controles, fuente de poder."
805,Nintendo,1GB,"Dos controles, fuente de poder."
806,Nintendo,1GB,"Dos controles, fuente de poder."
807,Nintendo,1GB,"Dos controles, fuente de poder."
808,Nintendo,1GB,"Dos controles, fuente de poder."
809,Nintendo,1GB,"Dos controles, fuente de poder."
810,Nintendo,1GB,"Dos controles, fuente de poder."
811,Nintendo,1GB,"Dos controles, fuente de poder."
812,Nintendo,1GB,"Dos controles, fuente de poder."
813,Nintendo,1GB,"Dos controles, fuente de poder."
814,Nintendo,1GB,"Dos controles, fuente de poder."
815,Nintendo,1GB,"Dos controles, fuente de poder."
816,Nintendo,1GB,"Dos controles, fuente de poder."
817,Nintendo,1GB,"Dos controles, fuente de poder."
818,Nintendo,1GB,"Dos controles, fuente de poder."
819,Nintendo,1GB,"Dos controles, fuente de poder."
820,Nintendo,1GB,"Dos controles, fuente de poder."
821,Nintendo,1GB,"Dos controles, fuente de poder."
822,Nintendo,1GB,"Dos controles, fuente de poder."
823,Nintendo,1GB,"Dos controles, fuente de poder."
824,Nintendo,1GB,"Dos controles, fuente de poder."
825,Nintendo,1GB,"Dos controles, fuente de poder."
826,Nintendo,1GB,"Dos controles, fuente de poder."
827,Nintendo,1GB,"Dos controles, fuente de poder."
828,Nintendo,1GB,"Dos controles, fuente de poder."
829,Nintendo,1GB,"Dos controles, fuente de poder."
830,Nintendo,1GB,"Dos controles, fuente de poder."
831,Nintendo,1GB,"Dos controles, fuente de poder."
832,Nintendo,1GB,"Dos controles, fuente de poder."
833,Nintendo,1GB,"Dos controles, fuente de poder."
834,Nintendo,1GB,"Dos controles, fuente de poder."
835,Nintendo,1GB,"Dos controles, fuente de poder."
836,Nintendo,1GB,"Dos controles, fuente de poder."
837,Nintendo,1GB,"Dos controles, fuente de poder."
838,Nintendo,1GB,"Dos controles, fuente de poder."
839,Nintendo,1GB,"Dos controles, fuente de poder."
840,Nintendo,1GB,"Dos controles, fuente de poder."
841,Nintendo,1GB,"Dos controles, fuente de poder."
842,Nintendo,1GB,"Dos controles, fuente de poder."
843,Nintendo,1GB,"Dos controles, fuente de poder."
844,Nintendo,1GB,"Dos controles, fuente de poder."
845,Nintendo,1GB,"Dos controles, fuente de poder."
846,Nintendo,1GB,"Dos controles, fuente de poder."
847,Nintendo,1GB,"Dos controles, fuente de poder."
848,Nintendo,1GB,"Dos controles, fuente de poder."
849,Nintendo,1GB,"Dos controles, fuente de poder."
850,Nintendo,1GB,"Dos controles, fuente de poder."
851,Nintendo,1GB,"Dos controles, fuente de poder."
852,Nintendo,1GB,"Dos controles, fuente de poder."
853,Nintendo,1GB,"Dos controles, fuente de poder."
854,Nintendo,1GB,"Dos controles, fuente de poder."
855,Nintendo,1GB,"Dos controles, fuente de poder."
856,Nintendo,1GB,"Dos controles, fuente de poder."
857,Nintendo,1GB,"Dos controles, fuente de poder."
858,Nintendo,1GB,"Dos controles, fuente de poder."
859,Nintendo,1GB,"Dos controles, fuente de poder."
860,Nintendo,1GB,"Dos controles, fuente de poder."
861,Nintendo,1GB,"Dos controles, fuente de poder."
862,Nintendo,1GB,"Dos controles, fuente de poder."
863,Nintendo,1GB,"Dos controles, fuente de poder."
864,Nintendo,1GB,"Dos controles, fuente de poder."
865,Nintendo,1GB,"Dos controles, fuente de poder."
866,Nintendo,1GB,"Dos controles, fuente de poder."
867,Nintendo,1GB,"Dos controles, fuente de poder."
868,Nintendo,1GB,"Dos controles, fuente de poder."
869,Nintendo,1GB,"Dos controles, fuente de poder."
870,Nintendo,1GB,"Dos controles, fuente de poder."
871,Nintendo,1GB,"Dos controles, fuente de poder."
872,Nintendo,1GB,"Dos controles, fuente de poder."
873,Nintendo,1GB,"Dos controles, fuente de poder."
874,Nintendo,1GB,"Dos controles, fuente de poder."
875,Nintendo,1GB,"Dos controles, fuente de poder."
876,Nintendo,1GB,"Dos controles, fuente de poder."
877,Nintendo,1GB,"Dos controles, fuente de poder."
878,Nintendo,1GB,"Dos controles, fuente de poder."
879,Nintendo,1GB,"Dos controles, fuente de poder."
880,Nintendo,1GB,"Dos controles, fuente de poder."
881,Nintendo,1GB,"Dos controles, fuente de poder."
882,Nintendo,1GB,"Dos controles, fuente de poder."
883,Nintendo,1GB,"Dos controles, fuente de poder."
884,Nintendo,1GB,"Dos controles, fuente de poder."
885,Nintendo,1GB,"Dos controles, fuente de poder."
886,Nintendo,1GB,"Dos controles, fuente de poder."
887,Nintendo,1GB,"Dos controles, fuente de poder."
888,Nintendo,1GB,"Dos controles, fuente de poder."
889,Nintendo,1GB,"Dos controles, fuente de poder."
890,Nintendo,1GB,"Dos controles, fuente de poder."
891,Nintendo,1GB,"Dos controles, fuente de poder."
892,Nintendo,1GB,"Dos controles, fuente de poder."
893,Nintendo,1GB,"Dos controles, fuente de poder."
894,Nintendo,1GB,"Dos controles, fuente de poder."
895,Nintendo,1GB,"Dos controles, fuente de poder."
896,Nintendo,1GB,"Dos controles, fuente de poder."
897,Nintendo,1GB,"Dos controles, fuente de poder."
898,Nintendo,1GB,"Dos controles, fuente de poder."
899,Nintendo,1GB,"Dos controles, fuente de poder."
900,Nintendo,1GB,"Dos controles, fuente de poder."
901,Nintendo,5GB,"Dos controles, fuente de poder."
902,Nintendo,5GB,"Dos controles, fuente de poder."
903,Nintendo,5GB,"Dos controles, fuente de poder."
904,Nintendo,5GB,"Dos controles, fuente de poder."
905,Nintendo,5GB,"Dos controles, fuente de poder."
906,Nintendo,5GB,"Dos controles, fuente de poder."
907,Nintendo,5GB,"Dos controles, fuente de poder."
908,Nintendo,5GB,"Dos controles, fuente de poder."
909,Nintendo,5GB,"Dos controles, fuente de poder."
910,Nintendo,5GB,"Dos controles, fuente de poder."
911,Nintendo,5GB,"Dos controles, fuente de poder."
912,Nintendo,5GB,"Dos controles, fuente de poder."
913,Nintendo,5GB,"Dos controles, fuente de poder."
914,Nintendo,5GB,"Dos controles, fuente de poder."
915,Nintendo,5GB,"Dos controles, fuente de poder."
916,Nintendo,5GB,"Dos controles, fuente de poder."
917,Nintendo,5GB,"Dos controles, fuente de poder."
918,Nintendo,5GB,"Dos controles, fuente de poder."
919,Nintendo,5GB,"Dos controles, fuente de poder."
920,Nintendo,5GB,"Dos controles, fuente de poder."
921,Nintendo,5GB,"Dos controles, fuente de poder."
922,Nintendo,5GB,"Dos controles, fuente de poder."
923,Nintendo,5GB,"Dos controles, fuente de poder."
924,Nintendo,5GB,"Dos controles, fuente de poder."
925,Nintendo,5GB,"Dos controles, fuente de poder."
926,Nintendo,5GB,"Dos controles, fuente de poder."
927,Nintendo,5GB,"Dos controles, fuente de poder."
928,Nintendo,5GB,"Dos controles, fuente de poder."
929,Nintendo,5GB,"Dos controles, fuente de poder."
930,Nintendo,5GB,"Dos controles, fuente de poder."
931,Nintendo,5GB,"Dos controles, fuente de poder."
932,Nintendo,5GB,"Dos controles, fuente de poder."
933,Nintendo,5GB,"Dos controles, fuente de poder."
934,Nintendo,5GB,"Dos controles, fuente de poder."
935,Nintendo,5GB,"Dos controles, fuente de poder."
936,Nintendo,5GB,"Dos controles, fuente de poder."
937,Nintendo,5GB,"Dos controles, fuente de poder."
938,Nintendo,5GB,"Dos controles, fuente de poder."
939,Nintendo,5GB,"Dos controles, fuente de poder."
940,Nintendo,5GB,"Dos controles, fuente de poder."
941,Nintendo,5GB,"Dos controles, fuente de poder."
942,Nintendo,5GB,"Dos controles, fuente de poder."
943,Nintendo,5GB,"Dos controles, fuente de poder."
944,Nintendo,5GB,"Dos controles, fuente de poder."
945,Nintendo,5GB,"Dos controles, fuente de poder."
946,Nintendo,5GB,"Dos controles, fuente de poder."
947,Nintendo,5GB,"Dos controles, fuente de poder."
948,Nintendo,5GB,"Dos controles, fuente de poder."
949,Nintendo,5GB,"Dos controles, fuente de poder."
950,Nintendo,5GB,"Dos controles, fuente de poder."
951,Nintendo,5GB,"Dos controles, fuente de poder."
952,Nintendo,5GB,"Dos controles, fuente de poder."
953,Nintendo,5GB,"Dos controles, fuente de poder."
954,Nintendo,5GB,"Dos controles, fuente de poder."
955,Nintendo,5GB,"Dos controles, fuente de poder."
956,Nintendo,5GB,"Dos controles, fuente de poder."
957,Nintendo,5GB,"Dos controles, fuente de poder."
958,Nintendo,5GB,"Dos controles, fuente de poder."
959,Nintendo,5GB,"Dos controles, fuente de poder."
960,Nintendo,5GB,"Dos controles, fuente de poder."
961,Nintendo,5GB,"Dos controles, fuente de poder."
962,Nintendo,5GB,"Dos controles, fuente de poder."
963,Nintendo,5GB,"Dos controles, fuente de poder."
964,Nintendo,5GB,"Dos controles, fuente de poder."
965,Nintendo,5GB,"Dos controles, fuente de poder."
966,Nintendo,5GB,"Dos controles, fuente de poder."
967,Nintendo,5GB,"Dos controles, fuente de poder."
968,Nintendo,5GB,"Dos controles, fuente de poder."
969,Nintendo,5GB,"Dos controles, fuente de poder."
970,Nintendo,5GB,"Dos controles, fuente de poder."
971,Nintendo,5GB,"Dos controles, fuente de poder."
972,Nintendo,5GB,"Dos controles, fuente de poder."
973,Nintendo,5GB,"Dos controles, fuente de poder."
974,Nintendo,5GB,"Dos controles, fuente de poder."
975,Nintendo,5GB,"Dos controles, fuente de poder."
976,Nintendo,5GB,"Dos controles, fuente de poder."
977,Nintendo,5GB,"Dos controles, fuente de poder."
978,Nintendo,5GB,"Dos controles, fuente de poder."
979,Nintendo,5GB,"Dos controles, fuente de poder."
980,Nintendo,5GB,"Dos controles, fuente de poder."
981,Nintendo,5GB,"Dos controles, fuente de poder."
982,Nintendo,5GB,"Dos controles, fuente de poder."
983,Nintendo,5GB,"Dos controles, fuente de poder."
984,Nintendo,5GB,"Dos controles, fuente de poder."
985,Nintendo,5GB,"Dos controles, fuente de poder."
986,Nintendo,5GB,"Dos controles, fuente de poder."
987,Nintendo,5GB,"Dos controles, fuente de poder."
988,Nintendo,5GB,"Dos controles, fuente de poder."
989,Nintendo,5GB,"Dos controles, fuente de poder."
990,Nintendo,5GB,"Dos controles, fuente de poder."
991,Nintendo,5GB,"Dos controles, fuente de poder."
992,Nintendo,5GB,"Dos controles, fuente de poder."
993,Nintendo,5GB,"Dos controles, fuente de poder."
994,Nintendo,5GB,"Dos controles, fuente de poder."
995,Nintendo,5GB,"Dos controles, fuente de poder."
996,Nintendo,5GB,"Dos controles, fuente de poder."
997,Nintendo,5GB,"Dos controles, fuente de poder."
998,Nintendo,5GB,"Dos controles, fuente de poder."
999,Nintendo,5GB,"Dos controles, fuente de poder."
1000,Nintendo,5GB,"Dos controles, fuente de poder."
1501,Microsoft,500GB,"Dos controles, fuente de poder."
1502,Microsoft,500GB,"Dos controles, fuente de poder."
1503,Microsoft,500GB,"Dos controles, fuente de poder."
1504,Microsoft,500GB,"Dos controles, fuente de poder."
1505,Microsoft,500GB,"Dos controles, fuente de poder."
1506,Microsoft,500GB,"Dos controles, fuente de poder."
1507,Microsoft,500GB,"Dos controles, fuente de poder."
1508,Microsoft,500GB,"Dos controles, fuente de poder."
1509,Microsoft,500GB,"Dos controles, fuente de poder."
1510,Microsoft,500GB,"Dos controles, fuente de poder."
1511,Microsoft,500GB,"Dos controles, fuente de poder."
1512,Microsoft,500GB,"Dos controles, fuente de poder."
1513,Microsoft,500GB,"Dos controles, fuente de poder."
1514,Microsoft,500GB,"Dos controles, fuente de poder."
1515,Microsoft,500GB,"Dos controles, fuente de poder."
1516,Microsoft,500GB,"Dos controles, fuente de poder."
1517,Microsoft,500GB,"Dos controles, fuente de poder."
1518,Microsoft,500GB,"Dos controles, fuente de poder."
1519,Microsoft,500GB,"Dos controles, fuente de poder."
1520,Microsoft,500GB,"Dos controles, fuente de poder."
1521,Microsoft,500GB,"Dos controles, fuente de poder."
1522,Microsoft,500GB,"Dos controles, fuente de poder."
1523,Microsoft,500GB,"Dos controles, fuente de poder."
1524,Microsoft,500GB,"Dos controles, fuente de poder."
1525,Microsoft,500GB,"Dos controles, fuente de poder."
1526,Microsoft,500GB,"Dos controles, fuente de poder."
1527,Microsoft,500GB,"Dos controles, fuente de poder."
1528,Microsoft,500GB,"Dos controles, fuente de poder."
1529,Microsoft,500GB,"Dos controles, fuente de poder."
1530,Microsoft,500GB,"Dos controles, fuente de poder."
1531,Microsoft,500GB,"Dos controles, fuente de poder."
1532,Microsoft,500GB,"Dos controles, fuente de poder."
1533,Microsoft,500GB,"Dos controles, fuente de poder."
1534,Microsoft,500GB,"Dos controles, fuente de poder."
1535,Microsoft,500GB,"Dos controles, fuente de poder."
1536,Microsoft,500GB,"Dos controles, fuente de poder."
1537,Microsoft,500GB,"Dos controles, fuente de poder."
1538,Microsoft,500GB,"Dos controles, fuente de poder."
1539,Microsoft,500GB,"Dos controles, fuente de poder."
1540,Microsoft,500GB,"Dos controles, fuente de poder."
1541,Microsoft,500GB,"Dos controles, fuente de poder."
1542,Microsoft,500GB,"Dos controles, fuente de poder."
1543,Microsoft,500GB,"Dos controles, fuente de poder."
1544,Microsoft,500GB,"Dos controles, fuente de poder."
1545,Microsoft,500GB,"Dos controles, fuente de poder."
1546,Microsoft,500GB,"Dos controles, fuente de poder."
1547,Microsoft,500GB,"Dos controles, fuente de poder."
1548,Microsoft,500GB,"Dos controles, fuente de poder."
1549,Microsoft,500GB,"Dos controles, fuente de poder."
1550,Microsoft,500GB,"Dos controles, fuente de poder."
1551,Microsoft,500GB,"Dos controles, fuente de poder."
1552,Microsoft,500GB,"Dos controles, fuente de poder."
1553,Microsoft,500GB,"Dos controles, fuente de poder."
1554,Microsoft,500GB,"Dos controles, fuente de poder."
1555,Microsoft,500GB,"Dos controles, fuente de poder."
1556,Microsoft,500GB,"Dos controles, fuente de poder."
1557,Microsoft,500GB,"Dos controles, fuente de poder."
1558,Microsoft,500GB,"Dos controles, fuente de poder."
1559,Microsoft,500GB,"Dos controles, fuente de poder."
1560,Microsoft,500GB,"Dos controles, fuente de poder."
1561,Microsoft,500GB,"Dos controles, fuente de poder."
1562,Microsoft,500GB,"Dos controles, fuente de poder."
1563,Microsoft,500GB,"Dos controles, fuente de poder."
1564,Microsoft,500GB,"Dos controles, fuente de poder."
1565,Microsoft,500GB,"Dos controles, fuente de poder."
1566,Microsoft,500GB,"Dos controles, fuente de poder."
1567,Microsoft,500GB,"Dos controles, fuente de poder."
1568,Microsoft,500GB,"Dos controles, fuente de poder."
1569,Microsoft,500GB,"Dos controles, fuente de poder."
1570,Microsoft,500GB,"Dos controles, fuente de poder."
1571,Microsoft,500GB,"Dos controles, fuente de poder."
1572,Microsoft,500GB,"Dos controles, fuente de poder."
1573,Microsoft,500GB,"Dos controles, fuente de poder."
1574,Microsoft,500GB,"Dos controles, fuente de poder."
1575,Microsoft,500GB,"Dos controles, fuente de poder."
1576,Microsoft,500GB,"Dos controles, fuente de poder."
1577,Microsoft,500GB,"Dos controles, fuente de poder."
1578,Microsoft,500GB,"Dos controles, fuente de poder."
1579,Microsoft,500GB,"Dos controles, fuente de poder."
1580,Microsoft,500GB,"Dos controles, fuente de poder."
1581,Microsoft,500GB,"Dos controles, fuente de poder."
1582,Microsoft,500GB,"Dos controles, fuente de poder."
1583,Microsoft,500GB,"Dos controles, fuente de poder."
1584,Microsoft,500GB,"Dos controles, fuente de poder."
1585,Microsoft,500GB,"Dos controles, fuente de poder."
1586,Microsoft,500GB,"Dos controles, fuente de poder."
1587,Microsoft,500GB,"Dos controles, fuente de poder."
1588,Microsoft,500GB,"Dos controles, fuente de poder."
1589,Microsoft,500GB,"Dos controles, fuente de poder."
1590,Microsoft,500GB,"Dos controles, fuente de poder."
1591,Microsoft,500GB,"Dos controles, fuente de poder."
1592,Microsoft,500GB,"Dos controles, fuente de poder."
1593,Microsoft,500GB,"Dos controles, fuente de poder."
1594,Microsoft,500GB,"Dos controles, fuente de poder."
1595,Microsoft,500GB,"Dos controles, fuente de poder."
1596,Microsoft,500GB,"Dos controles, fuente de poder."
1597,Microsoft,500GB,"Dos controles, fuente de poder."
1598,Microsoft,500GB,"Dos controles, fuente de poder."
1599,Microsoft,500GB,"Dos controles, fuente de poder."
1600,Microsoft,500GB,"Dos controles, fuente de poder."
1601,Sony,1TB,Un control
1602,Sony,1TB,Un control
1603,Sony,1TB,Un control
1604,Sony,1TB,Un control
1605,Sony,1TB,Un control
1606,Sony,1TB,Un control
1607,Sony,1TB,Un control
1608,Sony,1TB,Un control
1609,Sony,1TB,Un control
1610,Sony,1TB,Un control
1611,Sony,1TB,Un control
1612,Sony,1TB,Un control
1613,Sony,1TB,Un control
1614,Sony,1TB,Un control
1615,Sony,1TB,Un control
1616,Sony,1TB,Un control
1617,Sony,1TB,Un control
1618,Sony,1TB,Un control
1619,Sony,1TB,Un control
1620,Sony,1TB,Un control
1621,Sony,1TB,Un control
1622,Sony,1TB,Un control
1623,Sony,1TB,Un control
1624,Sony,1TB,Un control
1625,Sony,1TB,Un control
1626,Sony,1TB,Un control
1627,Sony,1TB,Un control
1628,Sony,1TB,Un control
1629,Sony,1TB,Un control
1630,Sony,1TB,Un control
1631,Sony,1TB,Un control
1632,Sony,1TB,Un control
1633,Sony,1TB,Un control
1634,Sony,1TB,Un control
1635,Sony,1TB,Un control
1636,Sony,1TB,Un control
1637,Sony,1TB,Un control
1638,Sony,1TB,Un control
1639,Sony,1TB,Un control
1640,Sony,1TB,Un control
1641,Sony,1TB,Un control
1642,Sony,1TB,Un control
1643,Sony,1TB,Un control
1644,Sony,1TB,Un control
1645,Sony,1TB,Un control
1646,Sony,1TB,Un control
1647,Sony,1TB,Un control
1648,Sony,1TB,Un control
1649,Sony,1TB,Un control
1650,Sony,1TB,Un control
1651,Sony,1TB,Un control
1652,Sony,1TB,Un control
1653,Sony,1TB,Un control
1654,Sony,1TB,Un control
1655,Sony,1TB,Un control
1656,Sony,1TB,Un control
1657,Sony,1TB,Un control
1658,Sony,1TB,Un control
1659,Sony,1TB,Un control
1660,Sony,1TB,Un control
1661,Sony,1TB,Un control
1662,Sony,1TB,Un control
1663,Sony,1TB,Un control
1664,Sony,1TB,Un control
1665,Sony,1TB,Un control
1666,Sony,1TB,Un control
1667,Sony,1TB,Un control
1668,Sony,1TB,Un control
1669,Sony,1TB,Un control
1670,Sony,1TB,Un control
1671,Sony,1TB,Un control
1672,Sony,1TB,Un control
1673,Sony,1TB,Un control
1674,Sony,1TB,Un control
1675,Sony,1TB,Un control
1676,Sony,1TB,Un control
1677,Sony,1TB,Un control
1678,Sony,1TB,Un control
1679,Sony,1TB,Un control
1680,Sony,1TB,Un control
1681,Sony,1TB,Un control
1682,Sony,1TB,Un control
1683,Sony,1TB,Un control
1684,Sony,1TB,Un control
1685,Sony,1TB,Un control
1686,Sony,1TB,Un control
1687,Sony,1TB,Un control
1688,Sony,1TB,Un control
1689,Sony,1TB,Un control
1690,Sony,1TB,Un control
1691,Sony,1TB,Un control
1692,Sony,1TB,Un control
1693,Sony,1TB,Un control
1694,Sony,1TB,Un control
1695,Sony,1TB,Un control
1696,Sony,1TB,Un control
1697,Sony,1TB,Un control
1698,Sony,1TB,Un control
1699,Sony,1TB,Un control
1700,Sony,1TB,Un control
1701,Nintendo,500GB,"Dos controles, un juego."
1702,Nintendo,500GB,"Dos controles, un juego."
1703,Nintendo,500GB,"Dos controles, un juego."
1704,Nintendo,500GB,"Dos controles, un juego."
1705,Nintendo,500GB,"Dos controles, un juego."
1706,Nintendo,500GB,"Dos controles, un juego."
1707,Nintendo,500GB,"Dos controles, un juego."
1708,Nintendo,500GB,"Dos controles, un juego."
1709,Nintendo,500GB,"Dos controles, un juego."
1710,Nintendo,500GB,"Dos controles, un juego."
1711,Nintendo,500GB,"Dos controles, un juego."
1712,Nintendo,500GB,"Dos controles, un juego."
1713,Nintendo,500GB,"Dos controles, un juego."
1714,Nintendo,500GB,"Dos controles, un juego."
1715,Nintendo,500GB,"Dos controles, un juego."
1716,Nintendo,500GB,"Dos controles, un juego."
1717,Nintendo,500GB,"Dos controles, un juego."
1718,Nintendo,500GB,"Dos controles, un juego."
1719,Nintendo,500GB,"Dos controles, un juego."
1720,Nintendo,500GB,"Dos controles, un juego."
1721,Nintendo,500GB,"Dos controles, un juego."
1722,Nintendo,500GB,"Dos controles, un juego."
1723,Nintendo,500GB,"Dos controles, un juego."
1724,Nintendo,500GB,"Dos controles, un juego."
1725,Nintendo,500GB,"Dos controles, un juego."
1726,Nintendo,500GB,"Dos controles, un juego."
1727,Nintendo,500GB,"Dos controles, un juego."
1728,Nintendo,500GB,"Dos controles, un juego."
1729,Nintendo,500GB,"Dos controles, un juego."
1730,Nintendo,500GB,"Dos controles, un juego."
1731,Nintendo,500GB,"Dos controles, un juego."
1732,Nintendo,500GB,"Dos controles, un juego."
1733,Nintendo,500GB,"Dos controles, un juego."
1734,Nintendo,500GB,"Dos controles, un juego."
1735,Nintendo,500GB,"Dos controles, un juego."
1736,Nintendo,500GB,"Dos controles, un juego."
1737,Nintendo,500GB,"Dos controles, un juego."
1738,Nintendo,500GB,"Dos controles, un juego."
1739,Nintendo,500GB,"Dos controles, un juego."
1740,Nintendo,500GB,"Dos controles, un juego."
1741,Nintendo,500GB,"Dos controles, un juego."
1742,Nintendo,500GB,"Dos controles, un juego."
1743,Nintendo,500GB,"Dos controles, un juego."
1744,Nintendo,500GB,"Dos controles, un juego."
1745,Nintendo,500GB,"Dos controles, un juego."
1746,Nintendo,500GB,"Dos controles, un juego."
1747,Nintendo,500GB,"Dos controles, un juego."
1748,Nintendo,500GB,"Dos controles, un juego."
1749,Nintendo,500GB,"Dos controles, un juego."
1750,Nintendo,500GB,"Dos controles, un juego."
1751,Nintendo,500GB,"Dos controles, un juego."
1752,Nintendo,500GB,"Dos controles, un juego."
1753,Nintendo,500GB,"Dos controles, un juego."
1754,Nintendo,500GB,"Dos controles, un juego."
1755,Nintendo,500GB,"Dos controles, un juego."
1756,Nintendo,500GB,"Dos controles, un juego."
1757,Nintendo,500GB,"Dos controles, un juego."
1758,Nintendo,500GB,"Dos controles, un juego."
1759,Nintendo,500GB,"Dos controles, un juego."
1760,Nintendo,500GB,"Dos controles, un juego."
1761,Nintendo,500GB,"Dos controles, un juego."
1762,Nintendo,500GB,"Dos controles, un juego."
1763,Nintendo,500GB,"Dos controles, un juego."
1764,Nintendo,500GB,"Dos controles, un juego."
1765,Nintendo,500GB,"Dos controles, un juego."
1766,Nintendo,500GB,"Dos controles, un juego."
1767,Nintendo,500GB,"Dos controles, un juego."
1768,Nintendo,500GB,"Dos controles, un juego."
1769,Nintendo,500GB,"Dos controles, un juego."
1770,Nintendo,500GB,"Dos controles, un juego."
1771,Nintendo,500GB,"Dos controles, un juego."
1772,Nintendo,500GB,"Dos controles, un juego."
1773,Nintendo,500GB,"Dos controles, un juego."
1774,Nintendo,500GB,"Dos controles, un juego."
1775,Nintendo,500GB,"Dos controles, un juego."
1776,Nintendo,500GB,"Dos controles, un juego."
1777,Nintendo,500GB,"Dos controles, un juego."
1778,Nintendo,500GB,"Dos controles, un juego."
1779,Nintendo,500GB,"Dos controles, un juego."
1780,Nintendo,500GB,"Dos controles, un juego."
1781,Nintendo,500GB,"Dos controles, un juego."
1782,Nintendo,500GB,"Dos controles, un juego."
1783,Nintendo,500GB,"Dos controles, un juego."
1784,Nintendo,500GB,"Dos controles, un juego."
1785,Nintendo,500GB,"Dos controles, un juego."
1786,Nintendo,500GB,"Dos controles, un juego."
1787,Nintendo,500GB,"Dos controles, un juego."
1788,Nintendo,500GB,"Dos controles, un juego."
1789,Nintendo,500GB,"Dos controles, un juego."
1790,Nintendo,500GB,"Dos controles, un juego."
1791,Nintendo,500GB,"Dos controles, un juego."
1792,Nintendo,500GB,"Dos controles, un juego."
1793,Nintendo,500GB,"Dos controles, un juego."
1794,Nintendo,500GB,"Dos controles, un juego."
1795,Nintendo,500GB,"Dos controles, un juego."
1796,Nintendo,500GB,"Dos controles, un juego."
1797,Nintendo,500GB,"Dos controles, un juego."
1798,Nintendo,500GB,"Dos controles, un juego."
1799,Nintendo,500GB,"Dos controles, un juego."
1800,Nintendo,500GB,"Dos controles, un juego."
1801,Sony,256GB,"Dos controles, color negro."
1802,Sony,256GB,"Dos controles, color negro."
1803,Sony,256GB,"Dos controles, color negro."
1804,Sony,256GB,"Dos controles, color negro."
1805,Sony,256GB,"Dos controles, color negro."
1806,Sony,256GB,"Dos controles, color negro."
1807,Sony,256GB,"Dos controles, color negro."
1808,Sony,256GB,"Dos controles, color negro."
1809,Sony,256GB,"Dos controles, color negro."
1810,Sony,256GB,"Dos controles, color negro."
1811,Sony,256GB,"Dos controles, color negro."
1812,Sony,256GB,"Dos controles, color negro."
1813,Sony,256GB,"Dos controles, color negro."
1814,Sony,256GB,"Dos controles, color negro."
1815,Sony,256GB,"Dos controles, color negro."
1816,Sony,256GB,"Dos controles, color negro."
1817,Sony,256GB,"Dos controles, color negro."
1818,Sony,256GB,"Dos controles, color negro."
1819,Sony,256GB,"Dos controles, color negro."
1820,Sony,256GB,"Dos controles, color negro."
1821,Sony,256GB,"Dos controles, color negro."
1822,Sony,256GB,"Dos controles, color negro."
1823,Sony,256GB,"Dos controles, color negro."
1824,Sony,256GB,"Dos controles, color negro."
1825,Sony,256GB,"Dos controles, color negro."
1826,Sony,256GB,"Dos controles, color negro."
1827,Sony,256GB,"Dos controles, color negro."
1828,Sony,256GB,"Dos controles, color negro."
1829,Sony,256GB,"Dos controles, color negro."
1830,Sony,256GB,"Dos controles, color negro."
1831,Sony,256GB,"Dos controles, color negro."
1832,Sony,256GB,"Dos controles, color negro."
1833,Sony,256GB,"Dos controles, color negro."
1834,Sony,256GB,"Dos controles, color negro."
1835,Sony,256GB,"Dos controles, color negro."
1836,Sony,256GB,"Dos controles, color negro."
1837,Sony,256GB,"Dos controles, color negro."
1838,Sony,256GB,"Dos controles, color negro."
1839,Sony,256GB,"Dos controles, color negro."
1840,Sony,256GB,"Dos controles, color negro."
1841,Sony,256GB,"Dos controles, color negro."
1842,Sony,256GB,"Dos controles, color negro."
1843,Sony,256GB,"Dos controles, color negro."
1844,Sony,256GB,"Dos controles, color negro."
1845,Sony,256GB,"Dos controles, color negro."
1846,Sony,256GB,"Dos controles, color negro."
1847,Sony,256GB,"Dos controles, color negro."
1848,Sony,256GB,"Dos controles, color negro."
1849,Sony,256GB,"Dos controles, color negro."
1850,Sony,256GB,"Dos controles, color negro."
1851,Sony,256GB,"Dos controles, color negro."
1852,Sony,256GB,"Dos controles, color negro."
1853,Sony,256GB,"Dos controles, color negro."
1854,Sony,256GB,"Dos controles, color negro."
1855,Sony,256GB,"Dos controles, color negro."
1856,Sony,256GB,"Dos controles, color negro."
1857,Sony,256GB,"Dos controles, color negro."
1858,Sony,256GB,"Dos controles, color negro."
1859,Sony,256GB,"Dos controles, color negro."
1860,Sony,256GB,"Dos controles, color negro."
1861,Sony,256GB,"Dos controles, color negro."
1862,Sony,256GB,"Dos controles, color negro."
1863,Sony,256GB,"Dos controles, color negro."
1864,Sony,256GB,"Dos controles, color negro."
1865,Sony,256GB,"Dos controles, color negro."
1866,Sony,256GB,"Dos controles, color negro."
1867,Sony,256GB,"Dos controles, color negro."
1868,Sony,256GB,"Dos controles, color negro."
1869,Sony,256GB,"Dos controles, color negro."
1870,Sony,256GB,"Dos controles, color negro."
1871,Sony,256GB,"Dos controles, color negro."
1872,Sony,256GB,"Dos controles, color negro."
1873,Sony,256GB,"Dos controles, color negro."
1874,Sony,256GB,"Dos controles, color negro."
1875,Sony,256GB,"Dos controles, color negro."
1876,Sony,256GB,"Dos controles, color negro."
1877,Sony,256GB,"Dos controles, color negro."
1878,Sony,256GB,"Dos controles, color negro."
1879,Sony,256GB,"Dos controles, color negro."
1880,Sony,256GB,"Dos controles, color negro."
1881,Sony,256GB,"Dos controles, color negro."
1882,Sony,256GB,"Dos controles, color negro."
1883,Sony,256GB,"Dos controles, color negro."
1884,Sony,256GB,"Dos controles, color negro."
1885,Sony,256GB,"Dos controles, color negro."
1886,Sony,256GB,"Dos controles, color negro."
1887,Sony,256GB,"Dos controles, color negro."
1888,Sony,256GB,"Dos controles, color negro."
1889,Sony,256GB,"Dos controles, color negro."
1890,Sony,256GB,"Dos controles, color negro."
1891,Sony,256GB,"Dos controles, color negro."
1892,Sony,256GB,"Dos controles, color negro."
1893,Sony,256GB,"Dos controles, color negro."
1894,Sony,256GB,"Dos controles, color negro."
1895,Sony,256GB,"Dos controles, color negro."
1896,Sony,256GB,"Dos controles, color negro."
1897,Sony,256GB,"Dos controles, color negro."
1898,Sony,256GB,"Dos controles, color negro."
1899,Sony,256GB,"Dos controles, color negro."
1900,Sony,256GB,"Dos controles, color negro."
1901,Sony,40GB,"Dos controles al‡mbricos, color blanco."
1902,Sony,40GB,"Dos controles al‡mbricos, color blanco."
1903,Sony,40GB,"Dos controles al‡mbricos, color blanco."
1904,Sony,40GB,"Dos controles al‡mbricos, color blanco."
1905,Sony,40GB,"Dos controles al‡mbricos, color blanco."
1906,Sony,40GB,"Dos controles al‡mbricos, color blanco."
1907,Sony,40GB,"Dos controles al‡mbricos, color blanco."
1908,Sony,40GB,"Dos controles al‡mbricos, color blanco."
1909,Sony,40GB,"Dos controles al‡mbricos, color blanco."
1910,Sony,40GB,"Dos controles al‡mbricos, color blanco."
1911,Sony,40GB,"Dos controles al‡mbricos, color blanco."
1912,Sony,40GB,"Dos controles al‡mbricos, color blanco."
1913,Sony,40GB,"Dos controles al‡mbricos, color blanco."
1914,Sony,40GB,"Dos controles al‡mbricos, color blanco."
1915,Sony,40GB,"Dos controles al‡mbricos, color blanco."
1916,Sony,40GB,"Dos controles al‡mbricos, color blanco."
1917,Sony,40GB,"Dos controles al‡mbricos, color blanco."
1918,Sony,40GB,"Dos controles al‡mbricos, color blanco."
1919,Sony,40GB,"Dos controles al‡mbricos, color blanco."
1920,Sony,40GB,"Dos controles al‡mbricos, color blanco."
1921,Sony,40GB,"Dos controles al‡mbricos, color blanco."
1922,Sony,40GB,"Dos controles al‡mbricos, color blanco."
1923,Sony,40GB,"Dos controles al‡mbricos, color blanco."
1924,Sony,40GB,"Dos controles al‡mbricos, color blanco."
1925,Sony,40GB,"Dos controles al‡mbricos, color blanco."
1926,Sony,40GB,"Dos controles al‡mbricos, color blanco."
1927,Sony,40GB,"Dos controles al‡mbricos, color blanco."
1928,Sony,40GB,"Dos controles al‡mbricos, color blanco."
1929,Sony,40GB,"Dos controles al‡mbricos, color blanco."
1930,Sony,40GB,"Dos controles al‡mbricos, color blanco."
1931,Sony,40GB,"Dos controles al‡mbricos, color blanco."
1932,Sony,40GB,"Dos controles al‡mbricos, color blanco."
1933,Sony,40GB,"Dos controles al‡mbricos, color blanco."
1934,Sony,40GB,"Dos controles al‡mbricos, color blanco."
1935,Sony,40GB,"Dos controles al‡mbricos, color blanco."
1936,Sony,40GB,"Dos controles al‡mbricos, color blanco."
1937,Sony,40GB,"Dos controles al‡mbricos, color blanco."
1938,Sony,40GB,"Dos controles al‡mbricos, color blanco."
1939,Sony,40GB,"Dos controles al‡mbricos, color blanco."
1940,Sony,40GB,"Dos controles al‡mbricos, color blanco."
1941,Sony,40GB,"Dos controles al‡mbricos, color blanco."
1942,Sony,40GB,"Dos controles al‡mbricos, color blanco."
1943,Sony,40GB,"Dos controles al‡mbricos, color blanco."
1944,Sony,40GB,"Dos controles al‡mbricos, color blanco."
1945,Sony,40GB,"Dos controles al‡mbricos, color blanco."
1946,Sony,40GB,"Dos controles al‡mbricos, color blanco."
1947,Sony,40GB,"Dos controles al‡mbricos, color blanco."
1948,Sony,40GB,"Dos controles al‡mbricos, color blanco."
1949,Sony,40GB,"Dos controles al‡mbricos, color blanco."
1950,Sony,40GB,"Dos controles al‡mbricos, color blanco."
1951,Sony,40GB,"Dos controles al‡mbricos, color blanco."
1952,Sony,40GB,"Dos controles al‡mbricos, color blanco."
1953,Sony,40GB,"Dos controles al‡mbricos, color blanco."
1954,Sony,40GB,"Dos controles al‡mbricos, color blanco."
1955,Sony,40GB,"Dos controles al‡mbricos, color blanco."
1956,Sony,40GB,"Dos controles al‡mbricos, color blanco."
1957,Sony,40GB,"Dos controles al‡mbricos, color blanco."
1958,Sony,40GB,"Dos controles al‡mbricos, color blanco."
1959,Sony,40GB,"Dos controles al‡mbricos, color blanco."
1960,Sony,40GB,"Dos controles al‡mbricos, color blanco."
1961,Sony,40GB,"Dos controles al‡mbricos, color blanco."
1962,Sony,40GB,"Dos controles al‡mbricos, color blanco."
1963,Sony,40GB,"Dos controles al‡mbricos, color blanco."
1964,Sony,40GB,"Dos controles al‡mbricos, color blanco."
1965,Sony,40GB,"Dos controles al‡mbricos, color blanco."
1966,Sony,40GB,"Dos controles al‡mbricos, color blanco."
1967,Sony,40GB,"Dos controles al‡mbricos, color blanco."
1968,Sony,40GB,"Dos controles al‡mbricos, color blanco."
1969,Sony,40GB,"Dos controles al‡mbricos, color blanco."
1970,Sony,40GB,"Dos controles al‡mbricos, color blanco."
1971,Sony,40GB,"Dos controles al‡mbricos, color blanco."
1972,Sony,40GB,"Dos controles al‡mbricos, color blanco."
1973,Sony,40GB,"Dos controles al‡mbricos, color blanco."
1974,Sony,40GB,"Dos controles al‡mbricos, color blanco."
1975,Sony,40GB,"Dos controles al‡mbricos, color blanco."
1976,Sony,40GB,"Dos controles al‡mbricos, color blanco."
1977,Sony,40GB,"Dos controles al‡mbricos, color blanco."
1978,Sony,40GB,"Dos controles al‡mbricos, color blanco."
1979,Sony,40GB,"Dos controles al‡mbricos, color blanco."
1980,Sony,40GB,"Dos controles al‡mbricos, color blanco."
1981,Sony,40GB,"Dos controles al‡mbricos, color blanco."
1982,Sony,40GB,"Dos controles al‡mbricos, color blanco."
1983,Sony,40GB,"Dos controles al‡mbricos, color blanco."
1984,Sony,40GB,"Dos controles al‡mbricos, color blanco."
1985,Sony,40GB,"Dos controles al‡mbricos, color blanco."
1986,Sony,40GB,"Dos controles al‡mbricos, color blanco."
1987,Sony,40GB,"Dos controles al‡mbricos, color blanco."
1988,Sony,40GB,"Dos controles al‡mbricos, color blanco."
1989,Sony,40GB,"Dos controles al‡mbricos, color blanco."
1990,Sony,40GB,"Dos controles al‡mbricos, color blanco."
1991,Sony,40GB,"Dos controles al‡mbricos, color blanco."
1992,Sony,40GB,"Dos controles al‡mbricos, color blanco."
1993,Sony,40GB,"Dos controles al‡mbricos, color blanco."
1994,Sony,40GB,"Dos controles al‡mbricos, color blanco."
1995,Sony,40GB,"Dos controles al‡mbricos, color blanco."
1996,Sony,40GB,"Dos controles al‡mbricos, color blanco."
1997,Sony,40GB,"Dos controles al‡mbricos, color blanco."
1998,Sony,40GB,"Dos controles al‡mbricos, color blanco."
1999,Sony,40GB,"Dos controles al‡mbricos, color blanco."
2000,Sony,40GB,"Dos controles al‡mbricos, color blanco."
2501,Nintendo,40GB,"Consola, caja e instructivos, cargador."
2502,Nintendo,40GB,"Consola, caja e instructivos, cargador."
2503,Nintendo,40GB,"Consola, caja e instructivos, cargador."
2504,Nintendo,40GB,"Consola, caja e instructivos, cargador."
2505,Nintendo,40GB,"Consola, caja e instructivos, cargador."
2506,Nintendo,40GB,"Consola, caja e instructivos, cargador."
2507,Nintendo,40GB,"Consola, caja e instructivos, cargador."
2508,Nintendo,40GB,"Consola, caja e instructivos, cargador."
2509,Nintendo,40GB,"Consola, caja e instructivos, cargador."
2510,Nintendo,40GB,"Consola, caja e instructivos, cargador."
2511,Nintendo,40GB,"Consola, caja e instructivos, cargador."
2512,Nintendo,40GB,"Consola, caja e instructivos, cargador."
2513,Nintendo,40GB,"Consola, caja e instructivos, cargador."
2514,Nintendo,40GB,"Consola, caja e instructivos, cargador."
2515,Nintendo,40GB,"Consola, caja e instructivos, cargador."
2516,Nintendo,40GB,"Consola, caja e instructivos, cargador."
2517,Nintendo,40GB,"Consola, caja e instructivos, cargador."
2518,Nintendo,40GB,"Consola, caja e instructivos, cargador."
2519,Nintendo,40GB,"Consola, caja e instructivos, cargador."
2520,Nintendo,40GB,"Consola, caja e instructivos, cargador."
2521,Nintendo,40GB,"Consola, caja e instructivos, cargador."
2522,Nintendo,40GB,"Consola, caja e instructivos, cargador."
2523,Nintendo,40GB,"Consola, caja e instructivos, cargador."
2524,Nintendo,40GB,"Consola, caja e instructivos, cargador."
2525,Nintendo,40GB,"Consola, caja e instructivos, cargador."
2526,Nintendo,40GB,"Consola, caja e instructivos, cargador."
2527,Nintendo,40GB,"Consola, caja e instructivos, cargador."
2528,Nintendo,40GB,"Consola, caja e instructivos, cargador."
2529,Nintendo,40GB,"Consola, caja e instructivos, cargador."
2530,Nintendo,40GB,"Consola, caja e instructivos, cargador."
2531,Nintendo,40GB,"Consola, caja e instructivos, cargador."
2532,Nintendo,40GB,"Consola, caja e instructivos, cargador."
2533,Nintendo,40GB,"Consola, caja e instructivos, cargador."
2534,Nintendo,40GB,"Consola, caja e instructivos, cargador."
2535,Nintendo,40GB,"Consola, caja e instructivos, cargador."
2536,Nintendo,40GB,"Consola, caja e instructivos, cargador."
2537,Nintendo,40GB,"Consola, caja e instructivos, cargador."
2538,Nintendo,40GB,"Consola, caja e instructivos, cargador."
2539,Nintendo,40GB,"Consola, caja e instructivos, cargador."
2540,Nintendo,40GB,"Consola, caja e instructivos, cargador."
2541,Nintendo,40GB,"Consola, caja e instructivos, cargador."
2542,Nintendo,40GB,"Consola, caja e instructivos, cargador."
2543,Nintendo,40GB,"Consola, caja e instructivos, cargador."
2544,Nintendo,40GB,"Consola, caja e instructivos, cargador."
2545,Nintendo,40GB,"Consola, caja e instructivos, cargador."
2546,Nintendo,40GB,"Consola, caja e instructivos, cargador."
2547,Nintendo,40GB,"Consola, caja e instructivos, cargador."
2548,Nintendo,40GB,"Consola, caja e instructivos, cargador."
2549,Nintendo,40GB,"Consola, caja e instructivos, cargador."
2550,Nintendo,40GB,"Consola, caja e instructivos, cargador."
2551,Nintendo,40GB,"Consola, caja e instructivos, cargador."
2552,Nintendo,40GB,"Consola, caja e instructivos, cargador."
2553,Nintendo,40GB,"Consola, caja e instructivos, cargador."
2554,Nintendo,40GB,"Consola, caja e instructivos, cargador."
2555,Nintendo,40GB,"Consola, caja e instructivos, cargador."
2556,Nintendo,40GB,"Consola, caja e instructivos, cargador."
2557,Nintendo,40GB,"Consola, caja e instructivos, cargador."
2558,Nintendo,40GB,"Consola, caja e instructivos, cargador."
2559,Nintendo,40GB,"Consola, caja e instructivos, cargador."
2560,Nintendo,40GB,"Consola, caja e instructivos, cargador."
2561,Nintendo,40GB,"Consola, caja e instructivos, cargador."
2562,Nintendo,40GB,"Consola, caja e instructivos, cargador."
2563,Nintendo,40GB,"Consola, caja e instructivos, cargador."
2564,Nintendo,40GB,"Consola, caja e instructivos, cargador."
2565,Nintendo,40GB,"Consola, caja e instructivos, cargador."
2566,Nintendo,40GB,"Consola, caja e instructivos, cargador."
2567,Nintendo,40GB,"Consola, caja e instructivos, cargador."
2568,Nintendo,40GB,"Consola, caja e instructivos, cargador."
2569,Nintendo,40GB,"Consola, caja e instructivos, cargador."
2570,Nintendo,40GB,"Consola, caja e instructivos, cargador."
2571,Nintendo,40GB,"Consola, caja e instructivos, cargador."
2572,Nintendo,40GB,"Consola, caja e instructivos, cargador."
2573,Nintendo,40GB,"Consola, caja e instructivos, cargador."
2574,Nintendo,40GB,"Consola, caja e instructivos, cargador."
2575,Nintendo,40GB,"Consola, caja e instructivos, cargador."
2576,Nintendo,40GB,"Consola, caja e instructivos, cargador."
2577,Nintendo,40GB,"Consola, caja e instructivos, cargador."
2578,Nintendo,40GB,"Consola, caja e instructivos, cargador."
2579,Nintendo,40GB,"Consola, caja e instructivos, cargador."
2580,Nintendo,40GB,"Consola, caja e instructivos, cargador."
2581,Nintendo,40GB,"Consola, caja e instructivos, cargador."
2582,Nintendo,40GB,"Consola, caja e instructivos, cargador."
2583,Nintendo,40GB,"Consola, caja e instructivos, cargador."
2584,Nintendo,40GB,"Consola, caja e instructivos, cargador."
2585,Nintendo,40GB,"Consola, caja e instructivos, cargador."
2586,Nintendo,40GB,"Consola, caja e instructivos, cargador."
2587,Nintendo,40GB,"Consola, caja e instructivos, cargador."
2588,Nintendo,40GB,"Consola, caja e instructivos, cargador."
2589,Nintendo,40GB,"Consola, caja e instructivos, cargador."
2590,Nintendo,40GB,"Consola, caja e instructivos, cargador."
2591,Nintendo,40GB,"Consola, caja e instructivos, cargador."
2592,Nintendo,40GB,"Consola, caja e instructivos, cargador."
2593,Nintendo,40GB,"Consola, caja e instructivos, cargador."
2594,Nintendo,40GB,"Consola, caja e instructivos, cargador."
2595,Nintendo,40GB,"Consola, caja e instructivos, cargador."
2596,Nintendo,40GB,"Consola, caja e instructivos, cargador."
2597,Nintendo,40GB,"Consola, caja e instructivos, cargador."
2598,Nintendo,40GB,"Consola, caja e instructivos, cargador."
2599,Nintendo,40GB,"Consola, caja e instructivos, cargador."
2600,Nintendo,40GB,fuente de poder
2601,Nintendo,40GB,fuente de poder
2602,Nintendo,40GB,fuente de poder
2603,Nintendo,40GB,fuente de poder
2604,Nintendo,40GB,fuente de poder
2605,Nintendo,40GB,fuente de poder
2606,Nintendo,40GB,fuente de poder
2607,Nintendo,40GB,fuente de poder
2608,Nintendo,40GB,fuente de poder
2609,Nintendo,40GB,fuente de poder
2610,Nintendo,40GB,fuente de poder
2611,Nintendo,40GB,fuente de poder
2612,Nintendo,40GB,fuente de poder
2613,Nintendo,40GB,fuente de poder
2614,Nintendo,40GB,fuente de poder
2615,Nintendo,40GB,fuente de poder
2616,Nintendo,40GB,fuente de poder
2617,Nintendo,40GB,fuente de poder
2618,Nintendo,40GB,fuente de poder
2619,Nintendo,40GB,fuente de poder
2620,Nintendo,40GB,fuente de poder
2621,Nintendo,40GB,fuente de poder
2622,Nintendo,40GB,fuente de poder
2623,Nintendo,40GB,fuente de poder
2624,Nintendo,40GB,fuente de poder
2625,Nintendo,40GB,fuente de poder
2626,Nintendo,40GB,fuente de poder
2627,Nintendo,40GB,fuente de poder
2628,Nintendo,40GB,fuente de poder
2629,Nintendo,40GB,fuente de poder
2630,Nintendo,40GB,fuente de poder
2631,Nintendo,40GB,fuente de poder
2632,Nintendo,40GB,fuente de poder
2633,Nintendo,40GB,fuente de poder
2634,Nintendo,40GB,fuente de poder
2635,Nintendo,40GB,fuente de poder
2636,Nintendo,40GB,fuente de poder
2637,Nintendo,40GB,fuente de poder
2638,Nintendo,40GB,fuente de poder
2639,Nintendo,40GB,fuente de poder
2640,Nintendo,40GB,fuente de poder
2641,Nintendo,40GB,fuente de poder
2642,Nintendo,40GB,fuente de poder
2643,Nintendo,40GB,fuente de poder
2644,Nintendo,40GB,fuente de poder
2645,Nintendo,40GB,fuente de poder
2646,Nintendo,40GB,fuente de poder
2647,Nintendo,40GB,fuente de poder
2648,Nintendo,40GB,fuente de poder
2649,Nintendo,40GB,fuente de poder
2650,Nintendo,40GB,fuente de poder
2651,Nintendo,40GB,fuente de poder
2652,Nintendo,40GB,fuente de poder
2653,Nintendo,40GB,fuente de poder
2654,Nintendo,40GB,fuente de poder
2655,Nintendo,40GB,fuente de poder
2656,Nintendo,40GB,fuente de poder
2657,Nintendo,40GB,fuente de poder
2658,Nintendo,40GB,fuente de poder
2659,Nintendo,40GB,fuente de poder
2660,Nintendo,40GB,fuente de poder
2661,Nintendo,40GB,fuente de poder
2662,Nintendo,40GB,fuente de poder
2663,Nintendo,40GB,fuente de poder
2664,Nintendo,40GB,fuente de poder
2665,Nintendo,40GB,fuente de poder
2666,Nintendo,40GB,fuente de poder
2667,Nintendo,40GB,fuente de poder
2668,Nintendo,40GB,fuente de poder
2669,Nintendo,40GB,fuente de poder
2670,Nintendo,40GB,fuente de poder
2671,Nintendo,40GB,fuente de poder
2672,Nintendo,40GB,fuente de poder
2673,Nintendo,40GB,fuente de poder
2674,Nintendo,40GB,fuente de poder
2675,Nintendo,40GB,fuente de poder
2676,Nintendo,40GB,fuente de poder
2677,Nintendo,40GB,fuente de poder
2678,Nintendo,40GB,fuente de poder
2679,Nintendo,40GB,fuente de poder
2680,Nintendo,40GB,fuente de poder
2681,Nintendo,40GB,fuente de poder
2682,Nintendo,40GB,fuente de poder
2683,Nintendo,40GB,fuente de poder
2684,Nintendo,40GB,fuente de poder
2685,Nintendo,40GB,fuente de poder
2686,Nintendo,40GB,fuente de poder
2687,Nintendo,40GB,fuente de poder
2688,Nintendo,40GB,fuente de poder
2689,Nintendo,40GB,fuente de poder
2690,Nintendo,40GB,fuente de poder
2691,Nintendo,40GB,fuente de poder
2692,Nintendo,40GB,fuente de poder
2693,Nintendo,40GB,fuente de poder
2694,Nintendo,40GB,fuente de poder
2695,Nintendo,40GB,fuente de poder
2696,Nintendo,40GB,fuente de poder
2697,Nintendo,40GB,fuente de poder
2698,Nintendo,40GB,fuente de poder
2699,Nintendo,40GB,fuente de poder
2700,Sony,100GB,fuente de poder
2701,Sony,100GB,fuente de poder
2702,Sony,100GB,fuente de poder
2703,Sony,100GB,fuente de poder
2704,Sony,100GB,fuente de poder
2705,Sony,100GB,fuente de poder
2706,Sony,100GB,fuente de poder
2707,Sony,100GB,fuente de poder
2708,Sony,100GB,fuente de poder
2709,Sony,100GB,fuente de poder
2710,Sony,100GB,fuente de poder
2711,Sony,100GB,fuente de poder
2712,Sony,100GB,fuente de poder
2713,Sony,100GB,fuente de poder
2714,Sony,100GB,fuente de poder
2715,Sony,100GB,fuente de poder
2716,Sony,100GB,fuente de poder
2717,Sony,100GB,fuente de poder
2718,Sony,100GB,fuente de poder
2719,Sony,100GB,fuente de poder
2720,Sony,100GB,fuente de poder
2721,Sony,100GB,fuente de poder
2722,Sony,100GB,fuente de poder
2723,Sony,100GB,fuente de poder
2724,Sony,100GB,fuente de poder
2725,Sony,100GB,fuente de poder
2726,Sony,100GB,fuente de poder
2727,Sony,100GB,fuente de poder
2728,Sony,100GB,fuente de poder
2729,Sony,100GB,fuente de poder
2730,Sony,100GB,fuente de poder
2731,Sony,100GB,fuente de poder
2732,Sony,100GB,fuente de poder
2733,Sony,100GB,fuente de poder
2734,Sony,100GB,fuente de poder
2735,Sony,100GB,fuente de poder
2736,Sony,100GB,fuente de poder
2737,Sony,100GB,fuente de poder
2738,Sony,100GB,fuente de poder
2739,Sony,100GB,fuente de poder
2740,Sony,100GB,fuente de poder
2741,Sony,100GB,fuente de poder
2742,Sony,100GB,fuente de poder
2743,Sony,100GB,fuente de poder
2744,Sony,100GB,fuente de poder
2745,Sony,100GB,fuente de poder
2746,Sony,100GB,fuente de poder
2747,Sony,100GB,fuente de poder
2748,Sony,100GB,fuente de poder
2749,Sony,100GB,fuente de poder
2750,Sony,100GB,fuente de poder
2751,Sony,100GB,fuente de poder
2752,Sony,100GB,fuente de poder
2753,Sony,100GB,fuente de poder
2754,Sony,100GB,fuente de poder
2755,Sony,100GB,fuente de poder
2756,Sony,100GB,fuente de poder
2757,Sony,100GB,fuente de poder
2758,Sony,100GB,fuente de poder
2759,Sony,100GB,fuente de poder
2760,Sony,100GB,fuente de poder
2761,Sony,100GB,fuente de poder
2762,Sony,100GB,fuente de poder
2763,Sony,100GB,fuente de poder
2764,Sony,100GB,fuente de poder
2765,Sony,100GB,fuente de poder
2766,Sony,100GB,fuente de poder
2767,Sony,100GB,fuente de poder
2768,Sony,100GB,fuente de poder
2769,Sony,100GB,fuente de poder
2770,Sony,100GB,fuente de poder
2771,Sony,100GB,fuente de poder
2772,Sony,100GB,fuente de poder
2773,Sony,100GB,fuente de poder
2774,Sony,100GB,fuente de poder
2775,Sony,100GB,fuente de poder
2776,Sony,100GB,fuente de poder
2777,Sony,100GB,fuente de poder
2778,Sony,100GB,fuente de poder
2779,Sony,100GB,fuente de poder
2780,Sony,100GB,fuente de poder
2781,Sony,100GB,fuente de poder
2782,Sony,100GB,fuente de poder
2783,Sony,100GB,fuente de poder
2784,Sony,100GB,fuente de poder
2785,Sony,100GB,fuente de poder
2786,Sony,100GB,fuente de poder
2787,Sony,100GB,fuente de poder
2788,Sony,100GB,fuente de poder
2789,Sony,100GB,fuente de poder
2790,Sony,100GB,fuente de poder
2791,Sony,100GB,fuente de poder
2792,Sony,100GB,fuente de poder
2793,Sony,100GB,fuente de poder
2794,Sony,100GB,fuente de poder
2795,Sony,100GB,fuente de poder
2796,Sony,100GB,fuente de poder
2797,Sony,100GB,fuente de poder
2798,Sony,100GB,fuente de poder
2799,Sony,100GB,fuente de poder
2800,Nintendo,512MB,control y fuente de poder
2801,Nintendo,512MB,control y fuente de poder
2802,Nintendo,512MB,control y fuente de poder
2803,Nintendo,512MB,control y fuente de poder
2804,Nintendo,512MB,control y fuente de poder
2805,Nintendo,512MB,control y fuente de poder
2806,Nintendo,512MB,control y fuente de poder
2807,Nintendo,512MB,control y fuente de poder
2808,Nintendo,512MB,control y fuente de poder
2809,Nintendo,512MB,control y fuente de poder
2810,Nintendo,512MB,control y fuente de poder
2811,Nintendo,512MB,control y fuente de poder
2812,Nintendo,512MB,control y fuente de poder
2813,Nintendo,512MB,control y fuente de poder
2814,Nintendo,512MB,control y fuente de poder
2815,Nintendo,512MB,control y fuente de poder
2816,Nintendo,512MB,control y fuente de poder
2817,Nintendo,512MB,control y fuente de poder
2818,Nintendo,512MB,control y fuente de poder
2819,Nintendo,512MB,control y fuente de poder
2820,Nintendo,512MB,control y fuente de poder
2821,Nintendo,512MB,control y fuente de poder
2822,Nintendo,512MB,control y fuente de poder
2823,Nintendo,512MB,control y fuente de poder
2824,Nintendo,512MB,control y fuente de poder
2825,Nintendo,512MB,control y fuente de poder
2826,Nintendo,512MB,control y fuente de poder
2827,Nintendo,512MB,control y fuente de poder
2828,Nintendo,512MB,control y fuente de poder
2829,Nintendo,512MB,control y fuente de poder
2830,Nintendo,512MB,control y fuente de poder
2831,Nintendo,512MB,control y fuente de poder
2832,Nintendo,512MB,control y fuente de poder
2833,Nintendo,512MB,control y fuente de poder
2834,Nintendo,512MB,control y fuente de poder
2835,Nintendo,512MB,control y fuente de poder
2836,Nintendo,512MB,control y fuente de poder
2837,Nintendo,512MB,control y fuente de poder
2838,Nintendo,512MB,control y fuente de poder
2839,Nintendo,512MB,control y fuente de poder
2840,Nintendo,512MB,control y fuente de poder
2841,Nintendo,512MB,control y fuente de poder
2842,Nintendo,512MB,control y fuente de poder
2843,Nintendo,512MB,control y fuente de poder
2844,Nintendo,512MB,control y fuente de poder
2845,Nintendo,512MB,control y fuente de poder
2846,Nintendo,512MB,control y fuente de poder
2847,Nintendo,512MB,control y fuente de poder
2848,Nintendo,512MB,control y fuente de poder
2849,Nintendo,512MB,control y fuente de poder
2850,Nintendo,512MB,control y fuente de poder
2851,Nintendo,512MB,control y fuente de poder
2852,Nintendo,512MB,control y fuente de poder
2853,Nintendo,512MB,control y fuente de poder
2854,Nintendo,512MB,control y fuente de poder
2855,Nintendo,512MB,control y fuente de poder
2856,Nintendo,512MB,control y fuente de poder
2857,Nintendo,512MB,control y fuente de poder
2858,Nintendo,512MB,control y fuente de poder
2859,Nintendo,512MB,control y fuente de poder
2860,Nintendo,512MB,control y fuente de poder
2861,Nintendo,512MB,control y fuente de poder
2862,Nintendo,512MB,control y fuente de poder
2863,Nintendo,512MB,control y fuente de poder
2864,Nintendo,512MB,control y fuente de poder
2865,Nintendo,512MB,control y fuente de poder
2866,Nintendo,512MB,control y fuente de poder
2867,Nintendo,512MB,control y fuente de poder
2868,Nintendo,512MB,control y fuente de poder
2869,Nintendo,512MB,control y fuente de poder
2870,Nintendo,512MB,control y fuente de poder
2871,Nintendo,512MB,control y fuente de poder
2872,Nintendo,512MB,control y fuente de poder
2873,Nintendo,512MB,control y fuente de poder
2874,Nintendo,512MB,control y fuente de poder
2875,Nintendo,512MB,control y fuente de poder
2876,Nintendo,512MB,control y fuente de poder
2877,Nintendo,512MB,control y fuente de poder
2878,Nintendo,512MB,control y fuente de poder
2879,Nintendo,512MB,control y fuente de poder
2880,Nintendo,512MB,control y fuente de poder
2881,Nintendo,512MB,control y fuente de poder
2882,Nintendo,512MB,control y fuente de poder
2883,Nintendo,512MB,control y fuente de poder
2884,Nintendo,512MB,control y fuente de poder
2885,Nintendo,512MB,control y fuente de poder
2886,Nintendo,512MB,control y fuente de poder
2887,Nintendo,512MB,control y fuente de poder
2888,Nintendo,512MB,control y fuente de poder
2889,Nintendo,512MB,control y fuente de poder
2890,Nintendo,512MB,control y fuente de poder
2891,Nintendo,512MB,control y fuente de poder
2892,Nintendo,512MB,control y fuente de poder
2893,Nintendo,512MB,control y fuente de poder
2894,Nintendo,512MB,control y fuente de poder
2895,Nintendo,512MB,control y fuente de poder
2896,Nintendo,512MB,control y fuente de poder
2897,Nintendo,512MB,control y fuente de poder
2898,Nintendo,512MB,control y fuente de poder
2899,Nintendo,512MB,control y fuente de poder
2900,Nintendo,512MB,control y fuente de poder
2901,Atari,10MB,control y fuente de poder
2902,Atari,10MB,control y fuente de poder
2903,Atari,10MB,control y fuente de poder
2904,Atari,10MB,control y fuente de poder
2905,Atari,10MB,control y fuente de poder
2906,Atari,10MB,control y fuente de poder
2907,Atari,10MB,control y fuente de poder
2908,Atari,10MB,control y fuente de poder
2909,Atari,10MB,control y fuente de poder
2910,Atari,10MB,control y fuente de poder
2911,Atari,10MB,control y fuente de poder
2912,Atari,10MB,control y fuente de poder
2913,Atari,10MB,control y fuente de poder
2914,Atari,10MB,control y fuente de poder
2915,Atari,10MB,control y fuente de poder
2916,Atari,10MB,control y fuente de poder
2917,Atari,10MB,control y fuente de poder
2918,Atari,10MB,control y fuente de poder
2919,Atari,10MB,control y fuente de poder
2920,Atari,10MB,control y fuente de poder
2921,Atari,10MB,control y fuente de poder
2922,Atari,10MB,control y fuente de poder
2923,Atari,10MB,control y fuente de poder
2924,Atari,10MB,control y fuente de poder
2925,Atari,10MB,control y fuente de poder
2926,Atari,10MB,control y fuente de poder
2927,Atari,10MB,control y fuente de poder
2928,Atari,10MB,control y fuente de poder
2929,Atari,10MB,control y fuente de poder
2930,Atari,10MB,control y fuente de poder
2931,Atari,10MB,control y fuente de poder
2932,Atari,10MB,control y fuente de poder
2933,Atari,10MB,control y fuente de poder
2934,Atari,10MB,control y fuente de poder
2935,Atari,10MB,control y fuente de poder
2936,Atari,10MB,control y fuente de poder
2937,Atari,10MB,control y fuente de poder
2938,Atari,10MB,control y fuente de poder
2939,Atari,10MB,control y fuente de poder
2940,Atari,10MB,control y fuente de poder
2941,Atari,10MB,control y fuente de poder
2942,Atari,10MB,control y fuente de poder
2943,Atari,10MB,control y fuente de poder
2944,Atari,10MB,control y fuente de poder
2945,Atari,10MB,control y fuente de poder
2946,Atari,10MB,control y fuente de poder
2947,Atari,10MB,control y fuente de poder
2948,Atari,10MB,control y fuente de poder
2949,Atari,10MB,control y fuente de poder
2950,Atari,10MB,control y fuente de poder
2951,Atari,10MB,control y fuente de poder
2952,Atari,10MB,control y fuente de poder
2953,Atari,10MB,control y fuente de poder
2954,Atari,10MB,control y fuente de poder
2955,Atari,10MB,control y fuente de poder
2956,Atari,10MB,control y fuente de poder
2957,Atari,10MB,control y fuente de poder
2958,Atari,10MB,control y fuente de poder
2959,Atari,10MB,control y fuente de poder
2960,Atari,10MB,control y fuente de poder
2961,Atari,10MB,control y fuente de poder
2962,Atari,10MB,control y fuente de poder
2963,Atari,10MB,control y fuente de poder
2964,Atari,10MB,control y fuente de poder
2965,Atari,10MB,control y fuente de poder
2966,Atari,10MB,control y fuente de poder
2967,Atari,10MB,control y fuente de poder
2968,Atari,10MB,control y fuente de poder
2969,Atari,10MB,control y fuente de poder
2970,Atari,10MB,control y fuente de poder
2971,Atari,10MB,control y fuente de poder
2972,Atari,10MB,control y fuente de poder
2973,Atari,10MB,control y fuente de poder
2974,Atari,10MB,control y fuente de poder
2975,Atari,10MB,control y fuente de poder
2976,Atari,10MB,control y fuente de poder
2977,Atari,10MB,control y fuente de poder
2978,Atari,10MB,control y fuente de poder
2979,Atari,10MB,control y fuente de poder
2980,Atari,10MB,control y fuente de poder
2981,Atari,10MB,control y fuente de poder
2982,Atari,10MB,control y fuente de poder
2983,Atari,10MB,control y fuente de poder
2984,Atari,10MB,control y fuente de poder
2985,Atari,10MB,control y fuente de poder
2986,Atari,10MB,control y fuente de poder
2987,Atari,10MB,control y fuente de poder
2988,Atari,10MB,control y fuente de poder
2989,Atari,10MB,control y fuente de poder
2990,Atari,10MB,control y fuente de poder
2991,Atari,10MB,control y fuente de poder
2992,Atari,10MB,control y fuente de poder
2993,Atari,10MB,control y fuente de poder
2994,Atari,10MB,control y fuente de poder
2995,Atari,10MB,control y fuente de poder
2996,Atari,10MB,control y fuente de poder
2997,Atari,10MB,control y fuente de poder
2998,Atari,10MB,control y fuente de poder
2999,Atari,10MB,control y fuente de poder
3000,Atari,10MB,control y fuente de poder