Nombre,Apellidos,Direccion,Ciudad,Estado,Telefono,Email,FechaRegistro,Saldo
Boycie,Malt,8 Merrick Road,Albany,New York,(518) 1306163,bmalt0@aboutads.info,01/12/12,13.46
Annabella,Behemod,80155 Del Mar Terrace,Cincinnati,Ohio,(513) 3897367,abeamont1@uiuc.edu,02/03/17,41.97
Vallie,Baine,51 Johnson Hill,Tyler,Texas,(903) 4209867,vbaine2@miitbeian.gov.cn,01/12/11,90.04
Sandye,Feenan,6004 Lunder Pass,Seattle,Washington,(206) 4603386,sfeenan3@hostgator.com,02/03/10,72.5
Halie,Frackiewicz,06427 Fuller Circle,Van Nuys,California,(213) 6789426,hfrackiewicz4@uol.com.br,02/03/17,77.75
Cosetta,Demougeot,6 Melody Terrace,Austin,Texas,(512) 4304682,cdemougeot5@alexa.com,01/12/15,54.19
Gertrud,Iceton,41 Quincy Way,Corpus Christi,Texas,(361) 2640917,giceton6@google.com,01/12/13,78.19
Tandy,Ivens,9 Burrows Crossing,Springfield,Illinois,(217) 9951973,tivens7@bloomberg.com,01/12/18,89.28
Kort,Mowsdale,15 Katie Plaza,Northridge,California,(818) 8184086,kmowsdale8@storify.com,01/12/12,64.39
Alick,Dunnet,6704 Debs Plaza,Frederick,Maryland,(240) 8666284,adunnet9@example.com,02/03/17,47.79
Therine,Sangar,2 Dwight Parkway,Escondido,California,(760) 9205964,tsangara@constantcontact.com,01/12/17,10.13
Ethelin,Julyan,52 Scofield Pass,Houston,Texas,(713) 1550059,ejulyanb@sphinn.com,02/03/08,96.8
Birgitta,Toone,38030 Boyd Drive,Lansing,Michigan,(517) 4656237,btoonec@theatlantic.com,02/03/01,78.24
Bevin,Quixley,549 Granby Circle,Fort Worth,Texas,(817) 1873280,bquixleyd@utexas.edu,01/12/92,32.29
Thane,Wilks,37849 Cody Street,Newark,New Jersey,(862) 6214265,twilkse@dion.ne.jp,02/03/07,0.47
Julina,Terzi,2586 Red Cloud Hill,Memphis,Tennessee,(901) 6644456,jterzif@sfgate.com,02/03/17,99.3
Hubey,Grist,36598 Mesta Park,Winston Salem,North Carolina,(336) 9487067,hgristg@oracle.com,01/12/17,80.43
Roz,Imason,79542 Warrior Alley,Denver,Colorado,(720) 2438214,rimasonh@java.com,02/03/17,35.8
Amandie,Ogilby,53577 Farragut Court,Independence,Missouri,(816) 6263066,aogilbyi@addthis.com,01/12/17,55.68
Alphonso,Negus,178 Rieder Road,Harrisburg,Pennsylvania,(717) 9502295,anegusj@freewebs.com,01/12/17,35.59